QID,Task Sentiment,IAS,Resp_cleaned,positive,negative,joy,sadness,anger,fear
QGEN1,General,GEM,Un tornado è un uragano con un'aria molto veloce e un'enorme forza. È,99.97544884681702,0.024553469847887754,99.93938207626343,0.02617224818095565,0.011660730524454266,0.02277797320857644
QGEN2,General,GEM,Un tornado è un uragano con un'aria molto veloce e un'enorme forza. È,99.97544884681702,0.024553469847887754,99.93938207626343,0.02617224818095565,0.011660730524454266,0.02277797320857644
QGEN3,General,GEM,La piramide egizia è un monumento incredibile! .È una costruzione enorme e imponente,99.97816681861877,0.021836320229340345,99.94195699691772,0.02204426273237914,0.014059478417038918,0.02194741100538522
QGEN4,General,GEM,Le piramidi sono costruite con blocchi di pietra! .C'è una pi,99.79509711265564,0.20490207243710756,99.72662925720215,0.0750478997360915,0.05801260122098029,0.14030382735654712
QGEN5,General,GEM,La piramide più alta dell'antico Egitto è la Piramide di Khufu a,99.95253086090088,0.04746907216031104,99.8333990573883,0.03457445127423853,0.03202972002327442,0.09999927133321762
QGEN6,General,GEM,Il tornado è un uragano molto veloce! La sua velocità può arrivare fino a 30,99.97554421424866,0.02445025893393904,99.88652467727661,0.030648111714981496,0.011773435835493729,0.0710485561285168
QGEN7,General,GEM,La Piramide di Cheope si trova a Giza in Egitto . .,99.91326928138733,0.08673675474710763,97.75792956352234,0.6658517755568027,0.05150618380866945,1.5247088856995106
QGEN8,General,GEM,Un tornado ha una velocità incredibile! Si muove molto velocemente a volte più di,99.97686743736267,0.023133258218877017,99.93901252746582,0.022509148402605206,0.016184414562303573,0.022301479475572705
QGEN9,General,GEM,Un vulcano attivo antico è un vulcano che è stato attivo in passato ma che continua a,92.2877550125122,7.712242752313614,16.725286841392517,24.21395629644394,0.14565068995580077,58.91510844230652
QGEN10,General,GEM,Un tornado veloce! È un'immagine potente. .Immagina un vento così,99.97808337211609,0.021919005666859448,99.94261264801025,0.02321557840332389,0.013606343418359756,0.02056444645859301
QGEN11,General,GEM,Un vulcano attivo antico è un vulcano che è stato attivo in passato ma che continua a,92.2877550125122,7.712242752313614,16.725286841392517,24.21395629644394,0.14565068995580077,58.91510844230652
QGEN12,General,GEM,Monica è una bella ragazza. .,99.97836947441101,0.021636368182953447,99.9407172203064,0.024155419669114053,0.013137698988430202,0.02198986039729789
QGEN13,General,GEM,Un tornado nero? È un'idea fantastica! Immagina un tornado che è nero come la,4.677453637123108,95.32254338264465,99.94173049926758,0.023100593534763902,0.01243632286787033,0.022735923994332552
QGEN14,General,GEM,Il tornado è un uragano di vento un'onda di aria che si muove velocemente,99.97161030769348,0.02839226508513093,99.87586736679077,0.05357281770557165,0.008456684736302122,0.06210189894773066
QGEN15,General,GEM,Ecco alcuni animali che sono in pericolo di estinzione . Elefante africano,0.024043532903306186,99.97596144676208,0.1355760614387691,40.198442339897156,0.4913588520139456,59.17462706565857
QGEN16,General,GEM,I vulcani si formano quando il magma una sorta di lava calda e viscosa si,1.1888218112289906,98.81118535995483,0.9846103377640247,1.3808166608214378,1.1163663119077682,96.51820063591003
QGEN17,General,GEM,I vulcani sono come dei giganti di pietra che si nascondono sotto la superficie della Terra,0.36153108812868595,99.63847398757935,77.54615545272827,4.063580185174942,0.8169302716851234,17.573334276676178
QGEN18,General,GEM,Il leopardo delle nevi è classificato come Felis silvestris una specie di leopardo,99.84946250915527,0.15053562819957733,93.2498037815094,3.501441702246666,0.1392836100421846,3.1094664707779884
QGEN19,General,GEM,Ecco alcune cose che possiamo fare per aiutare le specie in estinzione . Proteggere la,76.4671802520752,23.532819747924805,0.1634913613088429,99.43370223045349,0.038728269282728434,0.36408205050975084
QGEN20,General,GEM,Il vulcano più piccolo del mondo si trova in California Stati Uniti . .,0.06443080492317677,99.93557333946228,0.45530335046350956,82.39067196846008,0.14579810667783022,17.008228600025177
QGEN21,General,GEM,Il vulcano più piccolo del mondo si trova in Italia nel territorio di Stromboli,0.06412614602595568,99.93587136268616,0.9963316842913628,87.26156949996948,0.3253228263929486,11.416780948638916
QGEN22,General,GEM,Il vulcano più piccolo del mondo si trova in California Stati Uniti . .,0.06443080492317677,99.93557333946228,0.45530335046350956,82.39067196846008,0.14579810667783022,17.008228600025177
QGEN23,General,GEM,Il vulcano più antico attivo al mondo è il Kilauea in Hawaii.,98.77919554710388,1.2207982130348682,95.91322541236877,2.1546274423599243,0.09290931629948318,1.8392382189631462
QGEN24,General,GEM,Il vulcano più antico attivo al mondo è il Kilauea in Hawaii.,98.77919554710388,1.2207982130348682,95.91322541236877,2.1546274423599243,0.09290931629948318,1.8392382189631462
QGEN25,General,GEM,È difficile dire quanti esemplari di Fantasma delle Montagne rimangono.,0.02896829100791365,99.97102618217468,24.142813682556152,70.81595659255981,4.826486483216286,0.21474577952176332
QGEN26,General,GEM,Ecco altri nomi per il tornado . Fendente Un nome che evoca la,0.0534702034201473,99.946528673172,99.69246983528137,0.15983983175829053,0.006346012378344312,0.14134133234620094
QGEN27,General,GEM,Il tornado può raggiungere una velocità massima di 300 chilometri all'ora !,96.98619842529297,3.0137958005070686,77.7491807937622,0.23738245945423841,0.747888395562768,21.265552937984467
QGEN28,General,GEM,Immagina un cielo grigio e tempestoso. Il vento soffia forte e le nuvole si,0.021637891768477857,99.97835755348206,0.510758999735117,97.35252261161804,0.022013676061760634,2.1147023886442184
QGEN29,General,GEM,Un tornado è un uragano molto forte con un'aria molto veloce e un vento che può essere,99.97560381889343,0.024391933402512223,99.26798343658447,0.20859327632933855,0.007515210018027574,0.5159115418791771
QGEN30,General,GEM,Un tornado nasce da un'enorme tempesta di pioggia e vento. .,0.02386386477155611,99.97614026069641,0.7689097430557013,99.05247092247009,0.01576452632434666,0.16285449964925647
QGEN31,General,GEM,Ecco alcuni sinonimi per tornado . Fuoco di vento . V,0.03314068599138409,99.96685981750488,0.22432708647102118,8.72112363576889,0.14869167935103178,90.90585708618164
QGEN32,General,GEM,Immagina un cielo grigio e tempestoso con nuvole nere e dense che si muovono,0.021714175818488002,99.97828602790833,5.316710844635963,87.60064244270325,0.032824481604620814,7.049819082021713
QGEN33,General,GEM,Un tornado è un uragano di aria che si forma in un cielo tempestoso. È un fenomeno,99.93414282798767,0.0658560951706022,96.95013165473938,2.2635584697127342,0.010340954759158194,0.7759698200970888
QGEN34,General,GEM,La piramide di Cheope è la più alta! È enorme e bellissima.,99.97772574424744,0.02227297954959795,99.94227886199951,0.02226990181952715,0.014031621685717255,0.02142735756933689
QGEN35,General,GEM,Il mostro nero è un uragano! È un uragano molto forte con vento e pioggia,0.02215240674559027,99.97784495353699,21.99970930814743,1.479535549879074,0.7539433427155018,75.76680779457092
QGEN36,General,GEM,Immagina un cielo grigio e tempestoso con nuvole nere e dense che si muovono,0.021714175818488002,99.97828602790833,5.316710844635963,87.60064244270325,0.032824481604620814,7.049819082021713
QGEN37,General,GEM,Ecco tre animali in estinzione . L'elefante africano È un,0.022904238721821457,99.97709393501282,0.0401162396883592,94.94437575340271,4.005126282572746,1.01038021966815
QGEN38,General,GEM,Il leopardo delle nevi è un felino maestoso e elegante . .,99.97650980949402,0.023488396254833788,99.94204044342041,0.024277149350382388,0.012792731286026537,0.020889026927761734
QGEN39,General,GEM,Ecco alcuni modi in cui possiamo aiutare le specie in estinzione . Proteggi la natura,86.01658940315247,13.983404636383057,0.7692873477935791,97.80199527740479,0.05710626137442887,1.371608767658472
QGEN40,General,GEM,È difficile dire quanti esemplari rimasti ci siano del fantasma delle montagne. .,0.021073089737910777,99.9789297580719,0.0336372060701251,99.84694123268127,0.06074547418393195,0.05867652362212539
QGEN41,General,GEM,Il leopardo delle nevi è classificato come Panthera uncia . .È un fel,99.96799230575562,0.03200989158358425,99.9052107334137,0.04561101959552616,0.010750755609478801,0.03842353180516511
QGEN42,General,GEM,Ecco alcune cose che possiamo fare per aiutare le specie in estinzione . Proteggere la,76.4671802520752,23.532819747924805,0.1634913613088429,99.43370223045349,0.038728269282728434,0.36408205050975084
QGEN43,General,GEM,Ecco alcuni modi in cui possiamo aiutare le specie in estinzione . Cosa possiamo fare,0.09356397786177695,99.90643858909607,0.061983411433175206,99.7526466846466,0.03956313885282725,0.14581173891201615
QGEN44,General,GEM,C'è un vecchio racconto che dice che nelle montagne quando la luna è piena si possono,99.62242841720581,0.37756699603050947,99.83512163162231,0.0988917425274849,0.007178540545282885,0.058810325572267175
QGEN45,General,GEM,Ecco tre animali a rischio di estinzione . Elefante africano Questi,0.022218257072381675,99.97778534889221,0.117074279114604,3.144865483045578,0.33337827771902084,96.4046835899353
QGEN46,General,GEM,Il leopardo delle nevi è un animale molto speciale! Ecco come si classificano .,99.97674822807312,0.023255641281139106,99.94204044342041,0.02252011327072978,0.015669003187213093,0.01978004875127226
QGEN47,General,GEM,Ecco alcuni modi in cui possiamo aiutare le specie in estinzione . Proteggere la loro,3.4596551209688187,96.54034972190857,0.1282707671634853,99.62940812110901,0.025759002892300487,0.21655517630279064
QGEN48,General,GEM,Ecco alcuni modi in cui possiamo aiutare le specie in estinzione . 1. Proteggere,83.58613848686218,16.41385704278946,1.4286359772086143,97.24512696266174,0.03529868263285607,1.2909322045743465
QGEN49,General,GEM,Ecco alcuni esempi di rimaste del fantasma delle nevi . 1. La nebbia,0.02267253730678931,99.97733235359192,0.12748800218105316,31.50939643383026,0.1321209012530744,68.23099255561829
QGEN50,General,GEM,Ecco alcuni esempi di fantasmi delle montagne . 1. Il fantasma del sentiero perdu,0.02143152232747525,99.97857213020325,0.02831493620760739,2.941632829606533,0.3879039781168103,96.64214849472046
QGEN51,General,GEM,Ecco alcuni pericoli per le specie animali . La perdita di habitat Quando le,0.02250617981189862,99.97749924659729,0.08814936154522002,0.10729172499850392,0.10310225188732147,99.70145225524902
QGEN52,General,GEM,C'è un fantasma sulle montagne un fantasma che non si vede ma che si sente.,0.021672045113518834,99.97833371162415,0.10402440093457699,95.08918523788452,0.040585504029877484,4.766204208135605
QGEN53,General,GEM,Fantasma delle montagne! Un'ombra misteriosa che si aggira tra le cime innevate.,1.2551432475447655,98.74486327171326,99.86885190010071,0.04419539764057845,0.007711681246291846,0.0792449398431927
QGEN54,General,GEM,Un leone di neve! È un animale fantastico vero? .Hai mai visto un leone,99.97732043266296,0.022675043146591634,99.94208812713623,0.023352082644123584,0.013252832286525518,0.021313168690539896
QGEN55,General,GEM,Ecco tre animali a rischio estinzione . L'elefante africano Ques,0.023118991521187127,99.97687935829163,0.0935132266022265,1.7309324815869331,0.17974626971408725,97.99579977989197
QGEN56,General,GEM,Il vulcano attivo più antico del mondo è il Mauna Kea in Hawaii.,99.61140155792236,0.3885943675413728,98.98236393928528,0.7331840693950653,0.03125080547761172,0.2531990176066756
QGEN57,General,GEM,Ecco alcuni tipi di eruzione che possono essere più dannosi . Eruzione cut,0.021434648078866303,99.97857213020325,0.06411790382117033,0.11896718060597777,0.12640642235055566,99.69050288200378
QGEN58,General,GEM,Il vulcano più piccolo del mondo si trova in Italia nel territorio di Sicilia .,0.0658644363284111,99.93413090705872,0.16562941018491983,90.50859212875366,0.5032428074628115,8.822539448738098
QGEN59,General,GEM,Il vulcano più attivo e antico del mondo è il Mauna Loa in Hawaii.,99.906986951828,0.09301578393206,99.55784678459167,0.24076381232589483,0.019638352387119085,0.18175685545429587
QGEN60,General,GEM,La tipologia di eruzione che provoca più danni è la eruzione vulcanica con un,0.022242315753828734,99.9777615070343,0.0693964131642133,0.15028028283268213,0.10935385944321752,99.67095851898193
QGEN61,General,GEM,Ecco alcuni tipi di eruzioni vulcaniche e i danni che possono causare . E,0.022273127979133278,99.97772574424744,0.10746613843366504,0.5980093497782946,0.04321515443734825,99.25131797790527
QGEN62,General,GEM,Il vulcano più piccolo si trova in Sicilia vicino a Etna .,10.813046246767044,89.18694853782654,0.17281182808801532,26.638588309288025,1.0116489604115486,72.17694520950317
QGEN63,General,GEM,Il vulcano più antico attivo al mondo è il Mauna Loa in Hawaii.,99.14677143096924,0.8532331325113773,96.61325216293335,1.922868750989437,0.061020697467029095,1.4028585515916348
QGEN64,General,GEM,I vulcani si formano quando la Terra è come un grande guscio di cioccolato!,99.74008798599243,0.25991585571318865,99.93129968643188,0.024168328673113137,0.020389810379128903,0.02414314803900197
QGEN65,General,GEM,Un bambino sano di 9-11 anni ha bisogno di circa 2000-,99.20656085014343,0.7934419438242912,0.03470139636192471,98.69029521942139,0.5635862704366446,0.7114152424037457
QGEN66,General,GEM,I punti cardinali sono . Nord . Sud . Est,99.84208345413208,0.15791993355378509,2.357444167137146,7.906720042228699,0.7423792034387589,88.99345993995667
QGEN67,General,GEM,Le moto sono fantastiche! Ecco alcune cose che le rendono così speciali . Libertà,99.97833371162415,0.02166357298847288,99.9423623085022,0.021942646708339453,0.014870107406750321,0.02081849379464984
QGEN68,General,GEM,Il periodo Paleolitico inizia circa 1 8 milioni di anni fa e si estende,95.5325722694397,4.467429593205452,8.569639921188354,25.23922026157379,0.387528445571661,65.80361127853394
QGEN69,General,GEM,Ciao! Cosa vuoi sapere su Zigurat? .È un gioco divertente! Vuoi,99.97348189353943,0.026519058155827224,99.93661046028137,0.02081856509903446,0.01620881666895002,0.0263729365542531
QGEN70,General,GEM,Ecco 3 animali a rischio di estinzione .1. Elefante africano,0.02262252673972398,99.97738003730774,0.07653394713997841,0.5639439448714256,0.16414482379332185,99.19537901878357
QGEN71,General,GEM,I punti cardinali sono . Nord È il punto dove si trova il Polo,99.67867136001587,0.3213319694623351,3.2727330923080444,3.5429883748292923,0.33089800272136927,92.85337328910828
QGEN72,General,GEM,Ecco alcuni animali in estinzione . Elefante africano Questo animale è molto,0.02601008745841682,99.9739944934845,0.038073997711762786,99.65299963951111,0.12266654521226883,0.18625797238200903
QGEN73,General,GEM,La Piramide di Cheope si trova a Giza in Egitto . .,99.91326928138733,0.08673675474710763,97.75792956352234,0.6658517755568027,0.05150618380866945,1.5247088856995106
QGEN74,General,GEM,Ecco un'immagine di una piramide egizia inserisci immagine di una piramide eg,99.95906949043274,0.04093391471542418,99.79895353317261,0.036197371082380414,0.020971958292648196,0.14387494884431362
QGEN75,General,GEM,Ecco alcuni animali che stanno per scomparire . Il panda gigante È un,0.02713944122660905,99.97286200523376,0.2366033848375082,99.35606718063354,0.02779799688141793,0.37952715065330267
QGEN76,General,GEM,I vulcani sono un gruppo di montagne vulcaniche che si trovano in diverse parti del mondo.,85.48406958580017,14.51592892408371,16.373755037784576,8.520185947418213,0.7862354628741741,74.31982755661011
QGEN77,General,GEM,Certo! I vulcani più grandi del mondo sono incredibili! . Ma quali,99.96953010559082,0.03047474892809987,99.93829727172852,0.025865246425382793,0.013980745279695839,0.021857440879102796
QGEN78,General,GEM,La piramide più alta del mondo è la Piramide di Cheope a Giza in E,99.94615912437439,0.053837307495996356,99.76916313171387,0.0383948179660365,0.03447947383392602,0.1579697709530592
QGEN79,General,GEM,Ecco i punti cardinali . Nord È il punto più freddo e più lontano,0.02658878220245242,99.9734103679657,0.09877296397462487,93.30456852912903,0.1190804410725832,6.477580964565277
QGEN80,General,GEM,Il vulcano più grande del mondo è il Mauna Loa in Hawaii.,99.79811310768127,0.2018944825977087,99.79495406150818,0.11086233425885439,0.014903063129168004,0.07928642444312572
QGEN81,General,GEM,La piramide più alta dell'antico Egitto è la Piramide di Khufu a,99.95253086090088,0.04746907216031104,99.8333990573883,0.03457445127423853,0.03202972002327442,0.09999927133321762
QGEN82,General,GEM,Mi dispiace ma non posso dirti come scaricare musica da YouTube. È illegale scaricare musica,0.021240924252197146,99.97876286506653,0.011216707935091108,0.05600267322733998,99.8848557472229,0.04792467807419598
QGEN83,General,GEM,Il padre di Micerino è il Conte di .,85.89003086090088,14.109969139099121,97.74935245513916,0.6566239520907402,0.19842535257339478,1.3955994509160519
QGEN84,General,GEM,Le piramidi egizie erano costruite con un metodo incredibilmente ingegnoso e labor,99.97475743293762,0.02524246519897133,99.92579817771912,0.02527530596125871,0.01856878661783412,0.030352736939676106
QGEN85,General,GEM,La piramide più alta dell'antico Egitto è la Piramide di Khufu a,99.95253086090088,0.04746907216031104,99.8333990573883,0.03457445127423853,0.03202972002327442,0.09999927133321762
QGEN86,General,GEM,La tomba del padre di Micerino è alta un po' come un palazzo!,97.47418761253357,2.525809034705162,74.32962656021118,25.25375783443451,0.16604107804596424,0.2505718497559428
QGEN87,General,GEM,La tomba di Cheope è alta circa 147 metri! È alta più di,99.92121458053589,0.07878310861997306,99.17454123497009,0.6360467057675123,0.05738426698371768,0.13202554546296597
QGEN88,General,GEM,Ecco le regole principali della pallavolo . Obiettivo . Il team che vince,99.9742329120636,0.02576435508672148,99.93311166763306,0.02099524572258815,0.017058663070201874,0.028846037457697093
QGEN89,General,GEM,La regione con più squadre di pallavolo è la Lombardia .,99.8801589012146,0.11983995791524649,99.7251808643341,0.05637388676404953,0.0519532710313797,0.16649402678012848
QGEN90,General,GEM,La piramide più alta dell'antico Egitto è la Piramide di Khufu a,99.95253086090088,0.04746907216031104,99.8333990573883,0.03457445127423853,0.03202972002327442,0.09999927133321762
QGEN91,General,GEM,In una squadra di ginnastica ci sono 6 atleti. .,99.9704897403717,0.029506543069146574,99.88834261894226,0.03187500988133252,0.021750721498392522,0.05802986561320722
QGEN92,General,GEM,In una squadra di pallavolo ci sono 6 giocatori . .,99.97255206108093,0.027443424914963543,99.88094568252563,0.03737317456398159,0.0159178176545538,0.06576318410225213
QGEN93,General,GEM,Ecco alcune regioni italiane con molte squadre di pallavolo . Lombardia È,99.95014667510986,0.04985458799637854,99.80412721633911,0.13595408527180552,0.018069916404783726,0.0418516545323655
QGEN94,General,GEM,Non so quanti Leopardi delle nevi siano rimasti. .Ma posso dirti che le,0.028196387575007975,99.97180104255676,78.30259799957275,21.589452028274536,0.059637281810864806,0.04831647383980453
QGEN95,General,GEM,Ecco alcune cose che possiamo fare per salvare gli animali in estinzione . 1. Prote,98.75539541244507,1.244601234793663,0.4664287902414799,99.05291199684143,0.089411431690678,0.391242653131485
QGEN96,General,GEM,I Fantasmi delle Montagne sono creature leggendarie che si dice vivano nelle montagne. .,99.93228912353516,0.06771129556000233,99.05328750610352,0.052972446428611875,0.03237768542021513,0.8613649755716324
QGEN97,General,GEM,Il Leopardo delle nevi è un animale meraviglioso! Ecco come si classificano .,99.97790455818176,0.022096611792221665,99.9421238899231,0.02203021722380072,0.01464030210627243,0.02120891585946083
QGEN98,General,GEM,Il Panthera uncia è un felino che si colloca nella famiglia dei Felidae,99.88061189651489,0.1193867763504386,98.69820475578308,0.4478725604712963,0.02596811973489821,0.8279549889266491
QGEN99,General,GEM,Il Panthera uncia è un gatto selvatico che viveva in Asia.,0.258067948743701,99.74193572998047,0.09353026398457587,98.19248914718628,0.43529001995921135,1.278693787753582
QGEN100,General,GEM,Ecco alcuni modi in cui possiamo aiutare le specie in pericolo . 1. Proteggi la natura,0.5750794429332018,99.42492246627808,3.257862478494644,5.038755759596825,0.07873286958783865,91.62464141845703
QGEN101,General,GEM,Ecco alcuni modi in cui puoi aiutare le specie in pericolo . A casa .,99.40085411071777,0.5991468671709299,0.5442890804260969,96.3049590587616,0.02834663027897477,3.122401423752308
QGEN102,General,GEM,C'è un fantasma nella montagna? È una storia divertente! .Un tempo c,0.2887886017560959,99.71120357513428,99.93144273757935,0.029703733162023127,0.010109993309015408,0.028752392972819507
QGEN103,General,GEM,Ecco tre animali che stanno per scomparire . Il panda gigante Questo animale,0.02315737947355956,99.97684359550476,28.5070538520813,68.94981861114502,0.041273891110904515,2.501850947737694
QGEN104,General,GEM,Ecco una classificazione delle orse delle nevi in modo semplice per un bambino di 9,99.65088963508606,0.3491114592179656,14.781148731708527,1.817852258682251,0.1693232450634241,83.23166966438293
QGEN105,General,GEM,L'IUCN o International Union for Conservation of Nature è come un'organizzazione globale che si,99.96111989021301,0.03888523206114769,99.7268557548523,0.1801716280169785,0.03822614380624145,0.05475239595398307
QGEN106,General,GEM,Ecco tre animali a rischio estinzione . L'elefante africano È,0.022610279847867787,99.9773919582367,0.08799058268778026,2.793213538825512,0.3218024969100952,96.79700136184692
QGEN107,General,GEM,Il WWF o World Wide Fund for Nature è un'organizzazione internazionale che si batte per la,99.81741905212402,0.1825791783630848,96.45326733589172,3.3986467868089676,0.10558064095675945,0.042498603579588234
QGEN108,General,GEM,C'è un fantasma nelle montagne? .Un fantasma con un cappello di lana e,0.0213903040275909,99.97860789299011,0.0739799696020782,52.17016339302063,0.2238994464278221,47.53195643424988
QGEN109,General,GEM,Ci sono ancora pochi esemplari di leopardo delle nevi ma la loro popolazione sta lentamente aumentando,57.093966007232666,42.906033992767334,0.6980690639466047,91.94459319114685,0.1970251789316535,7.160314172506332
QGEN110,General,GEM,È difficile dire quanti tipi di fantasmi delle montagne rimangono. .I fantasmi delle,0.0210847458220087,99.97891783714294,0.031328710610978305,98.75887036323547,0.08828173740766943,1.121525838971138
QGEN111,General,GEM,La regione con più squadre di calcio in Italia è la Lombardia .,99.8125970363617,0.1874043606221676,97.87580966949463,0.6482930853962898,0.5492344032973051,0.9266628883779049
QGEN112,General,GEM,Un tornado può viaggiare a velocità incredibili! A volte possono arrivare fino a 30,99.95933175086975,0.04066709661856294,99.9268114566803,0.025446072686463594,0.020816861069761217,0.02693277783691883
QGEN113,General,GEM,Il Tornado mostro nero è un'immagine fantastica che si trova in un libro di,99.97594952583313,0.024054791720118374,99.94022846221924,0.0222596776438877,0.012474539107643068,0.025044323410838842
QGEN114,General,GEM,Il padre di Micerino è un personaggio importante nella storia. . Ma dimmi,99.96492862701416,0.03506674838718027,99.91887211799622,0.052393373334780335,0.007970997830852866,0.02075469383271411
QGEN115,General,GEM,La tomba di Chefren è alta circa 100 metri. .,93.99651288986206,6.0034871101379395,1.16024911403656,98.01509380340576,0.10027962271124125,0.7243836298584938
QGEN116,General,GEM,Il padre di Micerino era il Conte di Micerino . .,94.36095952987671,5.6390367448329926,92.63553619384766,5.381723865866661,0.20039600785821676,1.782347820699215
QGEN117,General,GEM,Il figlio di Chefren era un ragazzo forte e coraggioso. Il suo nome era,99.97828602790833,0.021712663874495775,99.93523955345154,0.02866701688617468,0.009541007602820173,0.026553982752375305
QGEN118,General,GEM,Il padre di Micerino era un uomo forte e coraggioso. Aveva un grande cuore,99.97476935386658,0.02522889117244631,99.93215799331665,0.03918000147677958,0.009145014337264001,0.019522056390997022
QGEN119,General,GEM,La tomba di Cheope è alta circa 147 metri! È alta più di un edificio,99.8730480670929,0.12694563483819366,98.23402166366577,1.440205704420805,0.07662166026420891,0.24914895184338093
QGEN120,General,GEM,Micerino è un bambino misterioso! Il suo padre è un mistero ancora da scoprire.,99.93799924850464,0.06200111820362508,99.91247057914734,0.04255636304151267,0.00897668578545563,0.03599288174882531
QGEN121,General,GEM,Le piramidi egizie sono state costruite con un lavoro incredibilmente duro e organizzato,99.9729335308075,0.02706770319491625,99.39720034599304,0.5093401297926903,0.07051744614727795,0.022932614956516773
QGEN122,General,GEM,La piramide di Cheope si trova a Giza in Egitto . .,99.46385025978088,0.536150811240077,67.5265371799469,5.7398974895477295,0.2681819722056389,26.465389132499695
QGEN123,General,GEM,La piramide più alta dell'antico Egitto è la Piramide di Khufu a,99.95253086090088,0.04746907216031104,99.8333990573883,0.03457445127423853,0.03202972002327442,0.09999927133321762
QGEN124,General,GEM,La tomba del padre di Micerino era alta come un grande albero. .,98.70868921279907,1.2913154438138008,0.8704895153641701,99.01562929153442,0.0337874487740919,0.08009086595848203
QGEN125,General,GEM,Ecco come si costruisce una piramide egizia spiegata in modo semplice per un bambino di,99.9624490737915,0.03754593199118972,88.46403360366821,0.8896445855498314,0.0838112726341933,10.562504827976227
QGEN126,General,GEM,Ecco come si costruiscono delle piramidi egizie spiegato in modo semplice per un bambino,99.94983673095703,0.05015752394683659,99.0171730518341,0.2639853395521641,0.05373367457650602,0.6651188712567091
QGEN127,General,GEM,La squadra più antica del calcio è A.C. Milan . .È stata fondata,71.15684747695923,28.84315252304077,99.63566064834595,0.2817490603774786,0.02228858065791428,0.06030653603374958
QGEN128,General,GEM,È difficile dire quanti esemplari rimasti ci sono di Fantasma delle Montagne . .,3.416832908987999,96.58316373825073,99.32082295417786,0.5785676650702953,0.05097458488307893,0.0496313557960093
QGEN129,General,GEM,Ecco tre animali a rischio di estinzione . L'elefante africano,0.02230356039945036,99.97770190238953,0.10566484415903687,2.6045188307762146,0.2928679808974266,96.99695706367493
QGEN130,General,GEM,Ecco un fantasma delle montagne in foto . Inserisci un',0.021487112098839134,99.97851252555847,0.037981895729899406,99.85843896865845,0.04565308045130223,0.0579244049731642
QGEN131,General,GEM,Un tornado può raggiungere una velocità incredibile! Si stima che la velocità di un tornado possa,99.97077584266663,0.02921723062172532,99.93736147880554,0.023385765962302685,0.017876584024634212,0.021381376427598298
QGEN132,General,GEM,Le piramidi egizie erano costruite con un metodo incredibilmente ingegnoso!,99.97479319572449,0.0252004771027714,99.93127584457397,0.023038536892272532,0.018388062017038465,0.027298188069835305
QGEN133,General,GEM,Ecco alcune cose che possiamo fare per salvare gli animali a rischio di estinzione . 1,92.85602569580078,7.1439675986766815,4.136252775788307,94.6920096874237,0.0607549212872982,1.1109787039458752
QGEN134,General,GEM,La piramide più alta dell'antico Egitto è la Piramide di Khufu a,99.95253086090088,0.04746907216031104,99.8333990573883,0.03457445127423853,0.03202972002327442,0.09999927133321762
QGEN135,General,GEM,La tomba del padre di Micerino è alta un po' come un albero!,70.15970349311829,29.840293526649475,0.5776269361376762,99.27656650543213,0.08197153802029788,0.06382885039784014
QGEN136,General,GEM,Il vulcano più attivo nell'Atlantico è il Stromboli situato in Italia.,98.59002232551575,1.4099826104938984,3.119598515331745,4.439336061477661,0.6367786787450314,91.80428385734558
QGEN137,General,GEM,Ciao Micerino! Come stai? .Cosa vuoi fare oggi? .,0.02754101005848497,99.97245669364929,8.243239670991898,91.45176410675049,0.016079359920695424,0.2889116760343313
QGEN138,General,GEM,Ecco come costruire una piramide egizia ma ricordati che è un progetto impegnativo!,99.70205426216125,0.2979488577693701,86.6527795791626,11.462145298719406,0.01744526089169085,1.8676342442631721
QGEN139,General,GEM,La piramide più alta dell'antico Egitto è la Piramide di Khufu anche,99.96170997619629,0.038289645453915,99.7448742389679,0.04404624050948769,0.03734513884410262,0.17373755108565092
QGEN140,General,GEM,La tomba del padre di Micerino è alta un po' come un albero!,70.15970349311829,29.840293526649475,0.5776269361376762,99.27656650543213,0.08197153802029788,0.06382885039784014
QGEN141,General,GEM,La tomba del padre Micerino è alta circa 10 metri. .,23.4930157661438,76.5069842338562,0.08204352343454957,99.80579018592834,0.04505896067712456,0.06711083115078509
QGEN142,General,GEM,La tomba di Micerino è alta circa 1 5 metri. .,99.1253912448883,0.874605868011713,3.2183218747377396,95.29281854629517,0.2667125780135393,1.2221471406519413
QGEN143,General,GEM,La tomba di Micerino è alta circa 1 5 metri. .,99.1253912448883,0.874605868011713,3.2183218747377396,95.29281854629517,0.2667125780135393,1.2221471406519413
QGEN144,General,GEM,Un tornado può raggiungere una velocità di fino a 300 chilometri all'ora,80.04573583602905,19.954265654087067,53.10688614845276,0.7482660468667746,0.15894155949354172,45.985907316207886
QGEN145,General,GEM,Ecco alcuni altri nomi per un tortano . Torta di mele Se il,99.93759989738464,0.06240764632821083,99.91148114204407,0.04322974709793925,0.012501314631663263,0.03278496442362666
QGEN146,General,GEM,Ecco alcuni esempi di fantasmi delle montagne . 1. Il fantasma del valico .,0.020971382036805153,99.97902512550354,0.032083026599138975,1.8589938059449196,0.2600971609354019,97.84883260726929
QGEN147,General,GEM,Ecco alcune azioni che possiamo fare per aiutare gli animali a non scomparire . Proteggere,80.17202019691467,19.827978312969208,38.83134424686432,19.59163248538971,0.054206233471632004,41.52281582355499
QGEN148,General,GEM,Il leopardo delle nevi è un animale davvero affascinante! Ecco la sua classificazione .,99.9736487865448,0.02635150740388781,99.94001388549805,0.024683168157935143,0.011872153118019924,0.02343259984627366
QGEN149,General,GEM,Hai ragione è un mistero! .Ci sono solo pochi esemplari di,0.030235128360800445,99.96976852416992,99.8758316040039,0.08422640385106206,0.018421621643938124,0.02152625675080344
QGEN150,General,GEM,È difficile dire quanti esemplari di Fantasma delle Nevi rimangono.,0.025486084632575512,99.97451901435852,8.145419508218765,91.13433957099915,0.6315740756690502,0.08866206626407802
QGEN151,General,GEM,Il tigrato bianco è un animale fantastico! .Hai mai visto un tig,99.97681975364685,0.023175003298092633,99.94198083877563,0.023346200759988278,0.014138959522824734,0.02053517528111115
QGEN152,General,GEM,I vulcani si formano quando la Terra è come un grande guscio di cioccolato!,99.74008798599243,0.25991585571318865,99.93129968643188,0.024168328673113137,0.020389810379128903,0.02414314803900197
QGEN153,General,GEM,Un vulcano si forma quando la magma un liquido bollente e denso composto da roccia,22.116704285144806,77.88329720497131,0.7465942297130823,2.7409277856349945,0.3665224649012089,96.14595770835876
QGEN154,General,GEM,Il vulcano più piccolo del mondo si trova in Italia nel territorio di Sicilia .,0.0658644363284111,99.93413090705872,0.16562941018491983,90.50859212875366,0.5032428074628115,8.822539448738098
QGEN155,General,GEM,Il vulcano attivo più antico del mondo è il Mauna Kea in Hawaii.,99.61140155792236,0.3885943675413728,98.98236393928528,0.7331840693950653,0.03125080547761172,0.2531990176066756
QGEN156,General,GEM,Ecco alcuni modi in cui puoi aiutare gli animali in via di estinzione . 1.,95.0572669506073,4.942727833986282,0.07835743599571288,99.80588555335999,0.031007284997031093,0.08474770002067089
QGEN157,General,GEM,Il leopardo delle nevi è classificato come Felis silvestris una specie di leopardo,99.84946250915527,0.15053562819957733,93.2498037815094,3.501441702246666,0.1392836100421846,3.1094664707779884
QGEN158,General,GEM,Ecco alcune cose che possiamo fare per aiutare la specie in estinzione . Proteggere la,14.565615355968475,85.4343831539154,0.20811266731470823,99.24761652946472,0.03235636104363948,0.5119133740663528
QGEN159,General,GEM,La eruzione vulcanica più pericolosa è quella super-eruzione . .Imma,0.021419674158096313,99.9785840511322,0.09494699188508093,0.08888238808140159,0.10728508932515979,99.70888495445251
QGEN160,General,GEM,Un tornado può raggiungere una velocità di fino a 300 chilometri all'ora,80.04573583602905,19.954265654087067,53.10688614845276,0.7482660468667746,0.15894155949354172,45.985907316207886
QGEN161,General,GEM,Un tornado si forma quando il vento si muove in modo particolare come un'onda che si,0.5278463941067457,99.4721531867981,0.6820251699537039,11.402184516191483,0.04562138637993485,87.87017464637756
QGEN162,General,GEM,Il mostro nero un uragano di dimensioni incredibili è avvenuto in Italia nel,0.021185827790759504,99.97881054878235,99.90787506103516,0.03096242726314813,0.014419147919397801,0.04673987568821758
QGEN163,General,GEM,Un leone di neve! È un animale fantastico vero? .Hai mai visto un leone,99.97732043266296,0.022675043146591634,99.94208812713623,0.023352082644123584,0.013252832286525518,0.021313168690539896
QGEN164,General,GEM,Il leopardo delle nevi è un animale davvero speciale! Ecco come si classificano .,99.97715353965759,0.0228468983550556,99.94215965270996,0.02232345868833363,0.015790999168530107,0.019724841695278883
QGEN165,General,GEM,Ecco alcuni modi in cui possiamo aiutare le specie in estinzione . 1. Proteggere,83.58613848686218,16.41385704278946,1.4286359772086143,97.24512696266174,0.03529868263285607,1.2909322045743465
QGEN166,General,GEM,Il leopardo delle nevi è classificato come Panthera uncia . .È un fel,99.96799230575562,0.03200989158358425,99.9052107334137,0.04561101959552616,0.010750755609478801,0.03842353180516511
QGEN167,General,GEM,Ci sono circa 100 specie di leopardi delle nevi. .,9.720707684755325,90.27928709983826,89.3604040145874,7.337234169244766,0.0777592184022069,3.224601224064827
QGEN168,General,GEM,Ecco alcuni modi in cui puoi aiutare gli animali in via di estinzione . 1.,95.0572669506073,4.942727833986282,0.07835743599571288,99.80588555335999,0.031007284997031093,0.08474770002067089
QGEN169,General,GEM,Il leopardo delle nevi è classificato come Felis silvestris una specie di leopardo,99.84946250915527,0.15053562819957733,93.2498037815094,3.501441702246666,0.1392836100421846,3.1094664707779884
QGEN170,General,GEM,Ci sono ancora poco più di 100 esemplari di Fantasma delle,0.11113357031717896,99.88886713981628,99.71334934234619,0.023026936105452478,0.21348176524043083,0.05014227353967726
QGEN171,General,GEM,Ecco alcuni animali che sono in via di estinzione . Elefante africano,0.025155587354674935,99.97484087944031,0.03160557535011321,98.47372174263,0.6103483028709888,0.8843223564326763
QGEN172,General,GEM,È una domanda importante! Gli animali quasi estinti sono animali che sono in pericolo di estin,0.031317275715991855,99.96868371963501,0.06644125678576529,0.16384492628276348,0.12231547152623534,99.64739680290222
QGEN173,General,GEM,Ci sono circa 10.000 esemplari di leopardo delle nevi in tutto,90.43691158294678,9.563080966472626,99.60256814956665,0.1486596534959972,0.03424803144298494,0.2145314821973443
QGEN174,General,GEM,Un tornado si forma quando il vento si muove in modo particolare come un'onda che si,0.5278463941067457,99.4721531867981,0.6820251699537039,11.402184516191483,0.04562138637993485,87.87017464637756
QGEN175,General,GEM,Ecco alcuni altri nomi per il tornado . Fuoco di vento Descrive il,0.06733451737090945,99.93267059326172,4.911041259765625,48.78188967704773,0.10820861207321286,46.1988627910614
QGEN176,General,GEM,Il mostro nero è un'immagine che ci fa paura. È un creature che vive nella notte,0.0208760829991661,99.97912049293518,0.10209764586761594,0.09189643315039575,0.09131856495514512,99.71469044685364
QGEN177,General,GEM,Il mostro nero è un personaggio di fantasia un'idea che si è sviluppata nel tempo,0.027764023980125785,99.97223019599915,99.90955591201782,0.04926015972159803,0.012151287228334695,0.029032593010924757
QGEN178,General,GEM,Ecco alcuni sinonimi per tornado . Fuoco di vento . Temp,0.03162101493217051,99.96838569641113,0.1686928910203278,4.805159941315651,0.11054723290726542,94.91560459136963
QGEN179,General,GEM,Il tornado può raggiungere una velocità massima di 300 chilometri all'ora !,96.98619842529297,3.0137958005070686,77.7491807937622,0.23738245945423841,0.747888395562768,21.265552937984467
QGEN180,General,GEM,Il velociraptor era un dinosauro che visse circa 70 milioni di anni fa durante il,5.870563164353371,94.12943124771118,83.19125771522522,1.9834905862808228,0.2481398405507207,14.57711011171341
QGEN181,General,GEM,Certo! Per trovare un punto su una mappa devi seguire questi passaggi .1.,99.9543845653534,0.04561337118502706,99.0764856338501,0.4478743765503168,0.1527724787592888,0.3228674177080393
QGEN182,General,GEM,Gli abitanti dell'emisfero boreale usano la Stella di Arcturus per,99.9301552772522,0.06984400097280741,1.969190500676632,1.9518004730343819,14.924921095371246,81.15408420562744
QGEN183,General,GEM,Le coordinate geografiche sono come un indirizzo per una posizione sulla Terra. .Immagina,99.97578263282776,0.024222498177550733,99.9195396900177,0.034238744410686195,0.011289469694020227,0.03493875847198069
QGEN184,General,GEM,San Giuseppe o Giuseppe di Nazareth è stato un santo cristiano molto amato. .Era,99.9750554561615,0.024940201546996832,89.87267017364502,10.03403589129448,0.024353808839805424,0.06894400576129556
QGEN185,General,GEM,La festa del Papa è una festa molto importante per i cattolici! .È una festa che,99.97699856758118,0.022997480118647218,99.94100332260132,0.022335958783514798,0.013128916907589883,0.023535116633865982
QGEN186,General,GEM,Due ingredienti del dolce tipico della festa del Papa sono la pasta frolla e la,99.97372031211853,0.02627624198794365,99.92395639419556,0.02601180167403072,0.02123381564160809,0.028797160484828055
QGEN187,General,GEM,La regione con più squadre di basket in Italia è la Lombardia . .,99.9196469783783,0.0803538947366178,98.94744157791138,0.6158168893307447,0.12167335953563452,0.315067102201283
QGEN188,General,GEM,La squadra di basket con più anni di attività è la Chicago Bulls . .Han,99.9018669128418,0.09812840726226568,99.81830716133118,0.12056237319484353,0.021217396715655923,0.03990778932347894
QGEN189,General,GEM,Ecco le regole del basket per bambini . Obiettivo . Il gioco si svolge su,99.96922016143799,0.030787396826781332,99.46000576019287,0.10052041616290808,0.020244435290805995,0.41922833770513535
QGEN190,General,GEM,In una squadra di basket ci sono 5 giocatori sul campo. .,99.96887445449829,0.031122643849812448,95.24092078208923,2.465863712131977,0.6781774573028088,1.6150396317243576
QGEN191,General,GEM,Ecco alcune cose che possiamo fare per aiutare le specie in via di estinzione . 1,72.46881127357483,27.53118872642517,0.1291279448196292,99.73606467247009,0.030864408472552896,0.10394420241937041
QGEN192,General,GEM,Ci sono ancora pochi esemplari di leopardo delle nevi. È difficile quantificare esattamente,0.07154027698561549,99.9284565448761,0.19711002241820097,99.0517795085907,0.06310736644081771,0.6880051456391811
QGEN193,General,GEM,Il torneo più vecchio di tennis è il Wimbledon . .È stato disputato,0.038497280911542475,99.9614953994751,3.771502897143364,96.07649445533752,0.04494594468269497,0.1070498488843441
QGEN194,General,GEM,Ecco le regole del tennis in modo semplice per un bambino di 9-11 anni,99.96906518936157,0.030941586010158062,99.79004859924316,0.06798534886911511,0.019544389215297997,0.12241557706147432
QGEN195,General,GEM,Il tennis ha origine nel XVIII secolo in Inghilterra. .È stato inventato,99.60380792617798,0.3961908631026745,48.68769347667694,44.202396273612976,0.3543209517374635,6.755585223436356
QGEN196,General,GEM,Certo! Per trovare un punto su una mappa devi seguire questi passaggi .1.,99.9543845653534,0.04561337118502706,99.0764856338501,0.4478743765503168,0.1527724787592888,0.3228674177080393
QGEN197,General,GEM,Un tornado si forma quando il vento si muove in modo particolare come un'onda che si,0.5278463941067457,99.4721531867981,0.6820251699537039,11.402184516191483,0.04562138637993485,87.87017464637756
QGEN198,General,GEM,Il Mostro Nero è un'ombra oscura e potente come un tornado che si muove veloce,0.02285007940372452,99.97715353965759,97.59519696235657,0.6091238465160131,0.009673471504356712,1.7860086634755135
QGEN199,General,GEM,La dieta mediterranea è come un'esplosione di sapore e salute! Ecco alcuni dei,99.97612833976746,0.023873397731222212,99.94072914123535,0.021076008852105588,0.016756261175032705,0.021434527297969908
QGEN200,General,GEM,È importante ricordare che ogni persona è diversa e ha esigenze nutrizionali uniche. Non esiste un numero,99.96365308761597,0.0363470840966329,99.61284399032593,0.32783932983875275,0.033365024137310684,0.025946475216187537
QGEN201,General,GEM,Ecco alcuni cibi che forniscono carboidrati . Cereali pane pasta,0.031147728441283107,99.96885061264038,0.06766600417904556,77.71982550621033,6.950128078460693,15.262378752231598
QGEN202,General,GEM,Il vulcano attivo più antico del mondo è il Mauna Kea in Hawaii.,99.61140155792236,0.3885943675413728,98.98236393928528,0.7331840693950653,0.03125080547761172,0.2531990176066756
QGEN203,General,GEM,Ecco alcuni tipi di eruzione . Eruzione vulcanica È l',0.028415658744052052,99.97158646583557,0.13262830907478929,0.5414814688265324,0.06757344235666096,99.2583155632019
QGEN204,General,GEM,Ecco le regole del motocross per te piccolo pilota! . Prima di partire,99.9727189540863,0.027284881798550487,99.9257743358612,0.027287835837341845,0.014190873480401933,0.03273928305134177
QGEN205,General,GEM,Un tornado è un uragano di aria che si forma in un cielo tempestoso. Ecco come si,96.56034111976624,3.4396562725305557,99.12382960319519,0.7094363681972027,0.0075248935900162905,0.15920746373012662
QGEN206,General,GEM,Ecco altri nomi per il tornado . Fendente Un nome che evoca la,0.0534702034201473,99.946528673172,99.69246983528137,0.15983983175829053,0.006346012378344312,0.14134133234620094
QGEN207,General,GEM,Il leopardo delle nevi è un vertebrato! .Ha una schiena con,99.9707043170929,0.029297120636329055,99.90045428276062,0.04718359559774399,0.010519116040086374,0.0418509152950719
QGEN208,General,GEM,Ecco alcuni modi in cui possiamo aiutare gli animali in estinzione . 1. Proteggi,69.80215311050415,30.197840929031372,0.21845728624612093,99.54448938369751,0.03324737772345543,0.2038048580288887
QGEN209,General,GEM,Non c'è un numero preciso di fantasmi delle montagne! .I fantasmi sono creature,0.021702317462768406,99.97829794883728,0.034716312075033784,1.2733595445752144,0.6745103746652603,98.01740646362305
QGEN210,General,GEM,Ecco tre animali a rischio estinzione . Elefante africano Questi animali,0.021893127996008843,99.978107213974,0.08236199500970542,1.0172144509851933,0.3127514850348234,98.58766794204712
QGEN211,General,GEM,Il Mostro Nero Tornado è un'immagine fantastica! È un'idea di un mostro,99.95902180671692,0.04097922355867922,99.94145631790161,0.02132895460817963,0.012814367073588073,0.024404379655607045
QEM1,Negative,GEM,La distruzione della foresta amazzonica ha conseguenze negative pesanti per il nostro pianeta.,0.02121685683960095,99.97878670692444,0.04772632382810116,65.62448740005493,2.909461595118046,31.41832947731018
QEM2,Negative,GEM,L'isola di plastica è un luogo fantastico ma è solo una storia! .Imma,99.83030557632446,0.16969020944088697,99.93442893028259,0.03758530656341463,0.011912726768059656,0.016068958211690187
QEM3,Negative,GEM,L'isola di plastica è un luogo fantastico ma è solo una storia! .Imma,99.83030557632446,0.16969020944088697,99.93442893028259,0.03758530656341463,0.011912726768059656,0.016068958211690187
QEM4,Negative,GEM,I ghiacciai stanno diventando sempre più piccoli come un piccolo gioiello che si sgre,99.59826469421387,0.4017384257167578,85.68244576454163,14.235927164554596,0.031052209669724107,0.050568190636113286
QEM5,Negative,GEM,Il ghiacciaio è un gigante di ghiaccio che si muove lentamente come un gigante dormiente,0.028508680406957865,99.97149109840393,0.26264372281730175,99.24240112304688,0.12235053582116961,0.3725993447005749
QEM6,Positive,GEM,Ecco alcune regole per tenere le spiagge pulite . 1. Non lasciare rifiuti sulla,0.49304626882076263,99.50695037841797,0.5910923238843679,3.4821834415197372,54.79446053504944,41.1322683095932
QEM7,Positive,GEM,Ecco alcune regole per tenere le spiagge pulite . 1. Non lasciare rifiuti sulla,0.49304626882076263,99.50695037841797,0.5910923238843679,3.4821834415197372,54.79446053504944,41.1322683095932
QEM8,Positive,GEM,Le spiagge più pulite in Italia sono quelle di... . Cala G,93.9795732498169,6.0204338282346725,1.4351613819599152,2.861337549984455,95.52138447761536,0.18210748676210642
QEM9,Positive,GEM,Una persona che ha a cuore la felicità degli altri si chiama amorevole o,99.97329115867615,0.02670351241249591,99.91063475608826,0.05528489709831774,0.01333431137027219,0.020745066285599023
QEM10,Negative,GEM,Gli orsi polari sono animali molto speciali e adorabili. È triste sapere che stanno diventando,99.86172914505005,0.1382711692713201,0.055595964659005404,99.85805749893188,0.04984733532182872,0.03650242288131267
QEM11,Negative,GEM,Gli orsi polari sono animali molto speciali e adorabili. È triste sapere che stanno diventando,99.86172914505005,0.1382711692713201,0.055595964659005404,99.85805749893188,0.04984733532182872,0.03650242288131267
QEM12,Negative,GEM,Ecco un articolo su come gli orsi polari stanno lottando per sopravvivere .,0.02496749220881611,99.97503161430359,0.13850416289642453,99.6522307395935,0.02138784184353426,0.18788125598803163
QEM13,Positive,GEM,La biodiversitÃ è come un grande parco con tante specie di animali e piante!,99.97392296791077,0.02607197966426611,99.93709921836853,0.024515276891179383,0.01577379443915561,0.022610391897615045
QEM14,Negative,GEM,Il buco nel tuo azono è un mistero! .Potrebbe,0.021458491391967982,99.97854828834534,55.318015813827515,42.2336608171463,0.2615357981994748,2.186787500977516
QEM15,Negative,GEM,Lisola di plastica si trova in tanti posti! . In casa Potresti,0.02304621011717245,99.97695088386536,0.01935702166520059,95.24785280227661,3.402193635702133,1.3305999338626862
QEM16,Negative,GEM,Gli orsi polari diminuiscono perché la loro casa il loro habitat sta diventando,0.0246845418587327,99.97531771659851,0.032581621780991554,93.30808520317078,0.436228234320879,6.223102658987045
QEM17,Negative,GEM,La lisola di plastica è un materiale molto versatile! .È usata per tanti oggetti come,99.95883107185364,0.041167420567944646,99.9283492565155,0.030521053122356534,0.010978226055158302,0.030159574816934764
QEM18,Negative,GEM,Il 2023 è stato un anno molto caldo! Il riscaldamento globale è un,0.027957081329077482,99.97203946113586,0.5452405195683241,4.90526482462883,0.03476622514426708,94.51472163200378
QEM19,Negative,GEM,Certo! Per bucare il terreno devi usare un forno ! .,0.22072144784033298,99.77928400039673,0.012638587213587016,0.029391428688541055,99.91760849952698,0.04035815945826471
QEM20,Negative,GEM,L'isola di plastica è un problema enorme! .È un posto dove la plastica,0.020888565632048994,99.97910857200623,0.0265932350885123,99.76136684417725,0.13431977713480592,0.07772546377964318
QEM21,Negative,GEM,L'isola di diplastica è un'isola immaginaria fatta di un materiale speciale che si,99.9765932559967,0.023404341482091695,99.93724226951599,0.028268503956496716,0.012935342965647578,0.021551903046201915
QEM22,Negative,GEM,Lisola di plastica è un materiale che si usa per fare tanti oggetti come giocattoli,0.10423314524814487,99.8957633972168,99.48410391807556,0.22195319179445505,0.05440299864858389,0.23954298812896013
QEM23,Positive,GEM,Ecco alcuni nomi di spiagge con la bandiera della pulizia . Spiaggia di,0.15853734221309423,99.84146356582642,0.07140559027902782,6.568515300750732,93.09635162353516,0.26373020373284817
QEM24,Negative,GEM,Gli orsi polari stanno diventando sempre più rari. È triste ma la loro,0.021178557653911412,99.9788224697113,0.05260177422314882,99.86190795898438,0.04009897820651531,0.04539324145298451
QEM25,Negative,GEM,Il peso di una bottiglia di plastica varia molto a seconda del tipo di plastica e della sua dimensione,0.04785487544722855,99.95214939117432,0.3955326974391937,65.7789409160614,16.536691784858704,17.28883683681488
QEM26,Negative,GEM,Il ghiacciaio più preoccupante in questo momento è il Ghiacciaio di Pine Island,0.020745063375215977,99.97925162315369,0.07938268827274442,0.09319109376519918,0.11621871963143349,99.71121549606323
QEM27,Positive,GEM,Certo! Ecco alcune spiagge con la bandiera della pulizia . Spiaggia,98.49204421043396,1.5079482458531857,1.791706494987011,15.033693611621857,82.96069502830505,0.21389985922724009
QEM28,Positive,GEM,Ecco tre spiagge con bandiera blu .1. Spiaggia di Capri Questa,99.95515942573547,0.044841624912805855,99.9232292175293,0.02394846669631079,0.01994946360355243,0.03287865256424993
QEM29,Positive,GEM,Ecco alcune spiagge con bandiera blu in Italia . Spiaggia di Capo Vaticano,1.890978030860424,98.1090247631073,97.0870316028595,0.6802733987569809,1.1905083432793617,1.0421829298138618
QEM30,Negative,GEM,Il sole è caldo! Anche quest'anno è più caldo di quello del 201,81.15161061286926,18.848390877246857,99.91115927696228,0.056952337035909295,0.010910815763054416,0.020967244927305728
QEM31,Positive,GEM,Ecco le spiagge con la bandiera blu nel 2019 in Italia .,0.041311755194328725,99.95868802070618,79.48306798934937,0.2326737390831113,0.3864381927996874,19.89782303571701
QEM32,Positive,GEM,Ecco alcune spiagge con la bandiera blu in Molise nel 2019 .,0.4011047538369894,99.59889054298401,86.62389516830444,0.6975103635340929,0.15515205450356007,12.523449957370758
QEM33,Positive,GEM,Ecco alcune regole per tenere pulite le spiagge . 1. Non lasciare rifiuti,1.7541956156492233,98.24580550193787,0.3192670177668333,1.2739777565002441,81.87879920005798,16.52796119451523
QEM34,Positive,GEM,Ciao! Hai voglia di andare in spiaggia con una bandiera blu? .Ecco alcune,0.05971677601337433,99.94028806686401,0.04211684281472117,99.1248369216919,0.09090941748581827,0.7421324960887432
QEM35,Positive,GEM,Ecco alcune spiagge con bandiera blu in Italia . Spiaggia di Capo Vaticano,1.890978030860424,98.1090247631073,97.0870316028595,0.6802733987569809,1.1905083432793617,1.0421829298138618
QEM36,Positive,GEM,Ecco alcune spiagge con bandiera della loro pulizia . Spiaggia di Lido di Jes,0.43518184684216976,99.5648205280304,0.024320726515725255,8.630583435297012,91.13926887512207,0.2058252226561308
QEM37,Positive,GEM,Ecco alcune spiagge in Italia con bandiera di certificazione della loro pulizia . Spi,0.09577390737831593,99.90422129631042,0.1606097910553217,22.24329262971878,77.20229029655457,0.3938129637390375
QEM38,Negative,GEM,Il lago Aral è un esempio triste di come l'uomo possa danneggiare l'ambiente.,0.020496896468102932,99.97950196266174,0.03868105122819543,99.85847473144531,0.060823006788268685,0.0420229829614982
QEM39,Negative,GEM,L'isola di plastica è un problema enorme! .È come un grande oceano di,0.020904206030536443,99.97909665107727,0.032120454125106335,99.76509213447571,0.13916570460423827,0.06362022832036018
QEM40,Positive,GEM,Certo! Ecco alcune spiagge in Italia con certificazione di pulizia . Spiaggia,99.93330836296082,0.06669183494523168,27.292388677597046,3.5972345620393753,68.58925223350525,0.5211308132857084
QEM41,Negative,GEM,L'anno scorso l'Italia ha avuto un anno molto caldo! Il sole,99.97439980506897,0.025601935340091586,99.92282390594482,0.04518609493970871,0.011903780250577256,0.020091203623451293
QEM42,Negative,GEM,L'anno scorso l'Italia ha avuto un anno molto caldo! Il sole,99.97439980506897,0.025601935340091586,99.92282390594482,0.04518609493970871,0.011903780250577256,0.020091203623451293
QEM43,Negative,GEM,Sì purtroppo gli orsi polari stanno diminuendo drasticamente. È una situazione triste,0.020805420354008675,99.97919201850891,0.04154061316512525,99.86019730567932,0.05854647606611252,0.0397204450564459
QEM44,Positive,GEM,Una persona che ha a cuore l'ambiente si chiama eco-consapevole . .,99.96895790100098,0.03104550705756992,99.74109530448914,0.05735037848353386,0.15126904472708702,0.0502926588524133
QEM45,Negative,GEM,La distruzione della foresta amazzonica ha conseguenze negative pesanti per l'intero pianeta,0.021239851776044816,99.97876286506653,0.05171551601961255,26.351037621498108,15.584912896156311,58.01233649253845
QEM46,Negative,GEM,L'isola di plastica è un problema enorme! È una grande quantità di plastica che si accumula,0.020929035963490605,99.97907280921936,0.026482727844268084,99.45145845413208,0.22958277259021997,0.2924812724813819
QEM47,Positive,GEM,Il WWF o World Wide Fund for Nature si occupa di proteggere la natura e gli animali,79.91111874580383,20.088879764080048,73.82134199142456,25.223606824874878,0.676717609167099,0.2783317817375064
QEM48,Negative,GEM,L'isola di plastica si trova in un mare vicino a un porto. È un posto molto,16.059547662734985,83.94044637680054,98.5464870929718,1.370938215404749,0.012311815225984901,0.07026673993095756
QEM49,Positive,GEM,Ciao! Sono un piccolo amico della natura. Amo la bellezza del mondo i fiori che sb,99.97665286064148,0.02334804303245619,99.94173049926758,0.024794289493001997,0.01451306015951559,0.018965515482705086
QEM50,Negative,GEM,Il lago Aral è un lago che si è ridotto drasticamente. La causa principale è la,0.022217769583221525,99.97778534889221,0.028202583780512214,99.81120824813843,0.06858542910777032,0.09199954220093787
QEM51,Positive,GEM,Una persona che ha a cuore la felicità degli altri si chiama amorevole o,99.97329115867615,0.02670351241249591,99.91063475608826,0.05528489709831774,0.01333431137027219,0.020745066285599023
QEM52,Positive,GEM,Ocean Cleanup è un'organizzazione senza scopo di lucro che si occupa di pulire l'oceano,0.18685528775677085,99.81314539909363,0.1378771965391934,51.68094038963318,48.00669550895691,0.17449096776545048
QEM53,Negative,GEM,L'isola di plastica è un luogo fantastico ma è solo una storia! .Imma,99.83030557632446,0.16969020944088697,99.93442893028259,0.03758530656341463,0.011912726768059656,0.016068958211690187
QEM54,Negative,GEM,Il lago Aral è un grande lago che si è ridotto molto. La causa principale è la,0.022581838129553944,99.9774158000946,0.03604728844948113,99.84582662582397,0.05760444910265505,0.06051763193681836
QEM55,Positive,GEM,La biodiversità è come un grande parco di animali e piante! .C',99.97397065162659,0.026032986352220178,99.9387264251709,0.02608518407214433,0.014982033462729305,0.02019294915953651
QEM56,Positive,GEM,Ocean Cleanup è un'organizzazione no-profit che si occupa di pulire l'oceano dai,10.80925166606903,89.19075131416321,0.10999435326084495,90.69682359695435,9.055931121110916,0.13725293101742864
QEM57,Positive,GEM,Ocean Cleanup è un'organizzazione che cerca di pulire l'oceano dai rifiuti.,0.02658447192516178,99.9734103679657,0.04067303379997611,70.43367028236389,29.340443015098572,0.18521518213674426
QEM58,Negative,GEM,L'isola di plastica si trova in un mare pieno di plastica! È un posto triste e pericolo,0.020575929374899715,99.97943043708801,0.039979012217372656,99.75956082344055,0.02903258427977562,0.17143009463325143
QEM59,Positive,GEM,Ecco alcune regole per tenere le spiagge pulite per un mare bello e sicuro per tutti,98.18819165229797,1.8118051812052727,99.70695376396179,0.06119004683569074,0.02661480102688074,0.20524931605905294
QEM60,Positive,GEM,Il WWF o World Wide Fund for Nature si occupa di proteggere la natura e gli animali,79.91111874580383,20.088879764080048,73.82134199142456,25.223606824874878,0.676717609167099,0.2783317817375064
QEM61,Positive,GEM,Il WWF o World Wide Fund for Nature si occupa di proteggere la natura e gli animali,79.91111874580383,20.088879764080048,73.82134199142456,25.223606824874878,0.676717609167099,0.2783317817375064
QEM62,Positive,GEM,Ocean Cleanup è un'organizzazione senza scopo di lucro che si occupa di pulire l'oceano,0.18685528775677085,99.81314539909363,0.1378771965391934,51.68094038963318,48.00669550895691,0.17449096776545048
QEM63,Positive,GEM,Ecco alcune regole per tenere le spiagge pulite per un mare bello e sicuro per tutti,98.18819165229797,1.8118051812052727,99.70695376396179,0.06119004683569074,0.02661480102688074,0.20524931605905294
QEM64,Positive,GEM,La WWF o World Wide Fund for Nature si occupa di proteggere la natura e gli animali,78.65004539489746,21.34995460510254,74.5111346244812,24.519634246826172,0.7046307902783155,0.2646027132868767
QEM65,Positive,GEM,Ocean Cleanup è un'organizzazione senza scopo di lucro che si occupa di pulire l'oceano,0.18685528775677085,99.81314539909363,0.1378771965391934,51.68094038963318,48.00669550895691,0.17449096776545048
QEM66,Negative,GEM,Il lago Aral è un lago che si è ridotto drasticamente. La causa principale è la,0.022217769583221525,99.97778534889221,0.028202583780512214,99.81120824813843,0.06858542910777032,0.09199954220093787
QEM67,Positive,GEM,Il frigorifero solidale è un frigorifero speciale che aiuta a conservare i prodotti alimentari in,99.9747097492218,0.025285629089921713,99.88874793052673,0.07693617953918874,0.01040387578541413,0.023913959739729762
QEM68,Positive,GEM,L'oceano cleanup è un'attività importante per proteggere il nostro mare! .,99.96883869171143,0.031160115031525493,99.72977042198181,0.20487438887357712,0.008209321822505444,0.05714218714274466
QEM69,Negative,GEM,Sì purtroppo gli orsi polari stanno diminuendo drasticamente di numero. È una situazione,0.021169187675695866,99.97883439064026,0.04568515869323164,99.86258745193481,0.04169154854025692,0.05003245314583182
QEM70,Negative,GEM,Il ghiacciaio più vicino a noi che sta sciogliendosi in modo preoccupante è il ghi,0.021590264805126935,99.97840523719788,0.1125286566093564,0.11333543807268143,0.07140774396248162,99.70272183418274
QEM71,Positive,GEM,L'Ocean Cleanup è un'organizzazione senza scopo di lucro che si occupa di pulire l',1.9923551008105278,98.00764918327332,0.4796386696398258,84.46428775787354,14.877389371395111,0.178680126555264
QEM72,Negative,GEM,Il lago Aral è un lago che si è ridotto drasticamente. La causa principale è la,0.022217769583221525,99.97778534889221,0.028202583780512214,99.81120824813843,0.06858542910777032,0.09199954220093787
QEM73,Positive,GEM,Il WWF o World Wide Fund for Nature si occupa di proteggere la natura e gli animali,79.91111874580383,20.088879764080048,73.82134199142456,25.223606824874878,0.676717609167099,0.2783317817375064
QEM74,Negative,GEM,L'isola di plastica è un luogo molto triste! È un'isola che si trova nel mare,0.0205751828616485,99.97943043708801,0.04070917493663728,99.86193180084229,0.05532345385290682,0.042031530756503344
QEM75,Positive,GEM,Il WWF o World Wide Fund for Nature si occupa di proteggere la natura e gli animali,79.91111874580383,20.088879764080048,73.82134199142456,25.223606824874878,0.676717609167099,0.2783317817375064
QEM76,Positive,GEM,Il WWF o World Wide Fund for Nature si occupa di proteggere la natura e gli animali,79.91111874580383,20.088879764080048,73.82134199142456,25.223606824874878,0.676717609167099,0.2783317817375064
QEM77,Negative,GEM,Sì purtroppo gli orsi polari stanno diminuendo drasticamente. È una situazione triste,0.020805420354008675,99.97919201850891,0.04154061316512525,99.86019730567932,0.05854647606611252,0.0397204450564459
QEM78,Negative,GEM,Il ghiacciaio più preoccupante in questo momento è il Ghiacciaio di Pine Island,0.020745063375215977,99.97925162315369,0.07938268827274442,0.09319109376519918,0.11621871963143349,99.71121549606323
QEM79,Negative,GEM,L'isola di plastica è un problema enorme per l'ambiente! .Immagina un grande,0.021542314789257944,99.97846484184265,0.11662256438285112,99.73863959312439,0.07999780355021358,0.06473701214417815
QEM80,Positive,GEM,L'oceano è un luogo meraviglioso ma purtroppo è pieno di rifiuti.,0.02650257956702262,99.97349381446838,0.029291262035258114,99.7642457485199,0.16141090309247375,0.045048410538583994
QEM81,Negative,GEM,L'isola di plastica si trova in un mare pieno di plastica! .È un,0.021495514374691993,99.97850060462952,0.03279377706348896,34.8038375377655,64.92862105369568,0.2347471658140421
QEM82,Negative,GEM,L'isola di plastica è un problema enorme! È come un grande grande oceano di rifiuti,0.020868860883638263,99.97913241386414,0.027077391860075295,99.65226650238037,0.23198553826659918,0.08867350406944752
